console,genre,total_game_genre,game_percentage,console_segment
C128,Adventure,1,100,Specialized
TG16,Misc,3,100,Specialized
FDS,Action,1,100,Specialized
BBCM,Misc,1,100,Specialized
Aco,Misc,1,100,Specialized
DSi,Misc,73,96.05,Specialized
BRW,Misc,59,93.65,Specialized
C64,Misc,31,91.18,Specialized
MSD,Misc,20,74.07,Specialized
ZXS,Misc,13,68.42,Specialized
FMT,Misc,2,66.67,Specialized
S32X,Shooter,2,66.67,Specialized
CD32,Misc,2,66.67,Specialized
ApII,Misc,4,66.67,Specialized
Mob,Misc,13,65,Specialized
And,Misc,682,64.89,Specialized
AST,Misc,11,64.71,Specialized
WinP,Misc,44,62.86,Specialized
2600,Action,302,60.28,Specialized
Ouya,Misc,15,60,Specialized
Arc,Misc,29,55.77,Specialized
MSX,Misc,5,55.56,Specialized
OSX,Misc,370,54.98,Specialized
Amig,Misc,16,53.33,Specialized
CDi,Action-Adventure,3,50,Generalist
NG,Fighting,78,45.35,Generalist
Lynx,Action,40,44.94,Generalist
Linux,Misc,163,44.05,Generalist
DSiW,Misc,274,36.39,Generalist
5200,Action,26,35.62,Generalist
7800,Action,21,35.59,Generalist
S32X,Action,1,33.33,Genre-Diverse
FMT,Shooter,1,33.33,Genre-Diverse
CD32,Board Game,1,33.33,Genre-Diverse
3DS,Misc,382,32.05,Genre-Diverse
VB,Sports,7,31.82,Genre-Diverse
ACPC,Action,6,30,Genre-Diverse
3DO,Misc,88,28.85,Genre-Diverse
5200,Shooter,20,27.4,Genre-Diverse
PCFX,Misc,18,26.87,Genre-Diverse
ZXS,Action,5,26.32,Genre-Diverse
CV,Action,12,26.09,Genre-Diverse
DS,Misc,853,25.94,Genre-Diverse
MS,Platform,86,25.6,Genre-Diverse
GBC,Adventure,4,25,Genre-Diverse
N64,Sports,98,24.94,Genre-Diverse
WS,Role-Playing,49,24.62,Genre-Diverse
PCFX,Adventure,16,23.88,Genre-Diverse
iQue,Racing,4,23.53,Genre-Diverse
DSiW,Puzzle,176,23.37,Genre-Diverse
Wii,Misc,383,22.85,Genre-Diverse
WW,Puzzle,106,22.8,Genre-Diverse
VB,Shooter,5,22.73,Genre-Diverse
Int,Shooter,30,22.39,Genre-Diverse
MSX,Shooter,2,22.22,Genre-Diverse
WiiU,Misc,123,22.2,Genre-Diverse
GG,Platform,73,21.99,Genre-Diverse
WiiU,Action,121,21.84,Genre-Diverse
DC,Adventure,140,21.37,Genre-Diverse
PCE,Shooter,98,21.35,Genre-Diverse
VC,Platform,140,21.18,Genre-Diverse
XB,Sports,207,21.08,Genre-Diverse
GEN,Sports,169,21.02,Genre-Diverse
GC,Sports,136,20.51,Genre-Diverse
GBA,Action,340,20.49,Genre-Diverse
GEN,Platform,164,20.4,Genre-Diverse
7800,Sports,12,20.34,Genre-Diverse
VC,Shooter,134,20.27,Genre-Diverse
NES,Platform,224,20.25,Genre-Diverse
GIZ,Misc,11,20,Genre-Diverse
ACPC,Platform,4,20,Genre-Diverse
PS5,Action-Adventure,129,19.91,Genre-Diverse
XS,Action-Adventure,121,19.52,Genre-Diverse
PS3,Misc,371,19.48,Genre-Diverse
AJ,Shooter,14,19.44,Genre-Diverse
OR,Simulation,6,19.35,Genre-Diverse
OR,Adventure,6,19.35,Genre-Diverse
Arc,Fighting,10,19.23,Genre-Diverse
NG,Shooter,33,19.19,Genre-Diverse
WW,Misc,89,19.14,Genre-Diverse
PS3,Action,364,19.11,Genre-Diverse
Wii,Sports,320,19.09,Genre-Diverse
XBL,Shooter,400,18.87,Genre-Diverse
PSV,Action,208,18.82,Genre-Diverse
All,Action-Adventure,213,18.72,Genre-Diverse
PSP,Adventure,338,18.71,Genre-Diverse
PSV,Misc,204,18.46,Genre-Diverse
PS4,Action,531,18.45,Genre-Diverse
VB,Puzzle,4,18.18,Genre-Diverse
PSV,Adventure,200,18.1,Genre-Diverse
WS,Strategy,36,18.09,Genre-Diverse
PCFX,Role-Playing,12,17.91,Genre-Diverse
Int,Sports,24,17.91,Genre-Diverse
XBL,Misc,374,17.64,Genre-Diverse
MS,Action,59,17.56,Genre-Diverse
X360,Action,304,17.52,Genre-Diverse
CV,Platform,8,17.39,Genre-Diverse
CV,Shooter,8,17.39,Genre-Diverse
NS,Action,400,17.12,Genre-Diverse
XBL,Action,362,17.08,Genre-Diverse
SNES,Sports,205,16.93,Genre-Diverse
GG,Sports,56,16.87,Genre-Diverse
SAT,Misc,124,16.78,Genre-Diverse
ApII,Sports,1,16.67,Genre-Diverse
CDi,Fighting,1,16.67,Genre-Diverse
ApII,Shooter,1,16.67,Genre-Diverse
CDi,Adventure,1,16.67,Genre-Diverse
CDi,Puzzle,1,16.67,Genre-Diverse
3DS,Action,198,16.61,Genre-Diverse
GG,Action,55,16.57,Genre-Diverse
SCD,Action,36,16.51,Genre-Diverse
NGage,Sports,10,16.39,Genre-Diverse
GIZ,Puzzle,9,16.36,Genre-Diverse
GIZ,Action,9,16.36,Genre-Diverse
All,Role-Playing,186,16.34,Genre-Diverse
XB,Action,160,16.29,Genre-Diverse
PS,Misc,436,16.11,Genre-Diverse
NES,Action,178,16.09,Genre-Diverse
Ouya,Role-Playing,4,16,Genre-Diverse
Series,Action-Adventure,74,15.95,Genre-Diverse
Series,Role-Playing,74,15.95,Genre-Diverse
SNES,Platform,193,15.94,Genre-Diverse
GEN,Action,127,15.8,Genre-Diverse
PS2,Sports,561,15.74,Genre-Diverse
XOne,Action,309,15.74,Genre-Diverse
X360,Misc,271,15.62,Genre-Diverse
XB,Shooter,153,15.58,Genre-Diverse
GB,Action,248,15.51,Genre-Diverse
iOS,Role-Playing,24,15.48,Genre-Diverse
GB,Platform,244,15.26,Genre-Diverse
7800,Shooter,9,15.25,Genre-Diverse
PSP,Misc,274,15.16,Genre-Diverse
XS,Adventure,94,15.16,Genre-Diverse
SCD,Adventure,33,15.14,Genre-Diverse
N64,Racing,59,15.01,Genre-Diverse
ACPC,Misc,3,15,Genre-Diverse
X360,Shooter,260,14.99,Genre-Diverse
Int,Misc,20,14.93,Genre-Diverse
GBA,Misc,246,14.83,Genre-Diverse
NGage,Racing,9,14.75,Genre-Diverse
X360,Sports,255,14.7,Genre-Diverse
GC,Action,97,14.63,Genre-Diverse
PS,Sports,396,14.63,Genre-Diverse
PS2,Adventure,521,14.61,Genre-Diverse
MS,Shooter,49,14.58,Genre-Diverse
PC,Adventure,1839,14.58,Genre-Diverse
XB,Racing,141,14.36,Genre-Diverse
3DO,Adventure,43,14.1,Genre-Diverse
PCE,Role-Playing,64,13.94,Genre-Diverse
PS5,Role-Playing,90,13.89,Genre-Diverse
PS2,Misc,493,13.83,Genre-Diverse
MS,Sports,46,13.69,Genre-Diverse
PS5,Adventure,88,13.58,Genre-Diverse
2600,Shooter,68,13.57,Genre-Diverse
iOS,Misc,21,13.55,Genre-Diverse
SAT,Shooter,100,13.53,Genre-Diverse
Arc,Action,7,13.46,Genre-Diverse
PSN,Action,269,13.42,Genre-Diverse
Amig,Action,4,13.33,Genre-Diverse
Amig,Shooter,4,13.33,Genre-Diverse
PSP,Role-Playing,238,13.17,Genre-Diverse
And,Action,138,13.13,Genre-Diverse
NGage,Role-Playing,8,13.11,Genre-Diverse
SNES,Role-Playing,158,13.05,Genre-Diverse
CV,Racing,6,13.04,Genre-Diverse
DC,Misc,85,12.98,Genre-Diverse
PSN,Shooter,260,12.97,Genre-Diverse
Linux,Adventure,48,12.97,Genre-Diverse
PC,Strategy,1629,12.91,Genre-Diverse
iOS,Action,20,12.9,Genre-Diverse
OR,Education,4,12.9,Genre-Diverse
PS4,Role-Playing,371,12.89,Genre-Diverse
PS3,Sports,244,12.81,Genre-Diverse
GIZ,Sports,7,12.73,Genre-Diverse
GB,Sports,203,12.7,Genre-Diverse
PSV,Role-Playing,140,12.67,Genre-Diverse
AJ,Racing,9,12.5,Genre-Diverse
AJ,Platform,9,12.5,Genre-Diverse
GBC,Action,2,12.5,Genre-Diverse
GBC,Platform,2,12.5,Genre-Diverse
GBC,Role-Playing,2,12.5,Genre-Diverse
GBC,Puzzle,2,12.5,Genre-Diverse
Wii,Action,209,12.47,Genre-Diverse
XBL,Puzzle,264,12.45,Genre-Diverse
DS,Adventure,409,12.44,Genre-Diverse
PS2,Action,443,12.43,Genre-Diverse
NS,Role-Playing,289,12.37,Genre-Diverse
Lynx,Sports,11,12.36,Genre-Diverse
Lynx,Puzzle,11,12.36,Genre-Diverse
5200,Platform,9,12.33,Genre-Diverse
DS,Simulation,403,12.26,Genre-Diverse
NG,Sports,21,12.21,Genre-Diverse
3DO,Shooter,37,12.13,Genre-Diverse
XS,Role-Playing,75,12.1,Genre-Diverse
GC,Platform,80,12.07,Genre-Diverse
DC,Sports,79,12.06,Genre-Diverse
GBA,Platform,199,12,Genre-Diverse
SCD,Misc,26,11.93,Genre-Diverse
OSX,Adventure,80,11.89,Genre-Diverse
Series,Shooter,55,11.85,Genre-Diverse
iQue,Role-Playing,2,11.76,Genre-Diverse
iQue,Puzzle,2,11.76,Genre-Diverse
AST,Action,2,11.76,Genre-Diverse
iQue,Shooter,2,11.76,Genre-Diverse
AST,Shooter,2,11.76,Genre-Diverse
iQue,Platform,2,11.76,Genre-Diverse
iQue,Action,2,11.76,Genre-Diverse
SAT,Adventure,85,11.5,Genre-Diverse
3DO,Sports,35,11.48,Genre-Diverse
NGage,Strategy,7,11.48,Genre-Diverse
NES,Sports,127,11.48,Genre-Diverse
VC,Action,75,11.35,Genre-Diverse
PCE,Action,52,11.33,Genre-Diverse
PS3,Shooter,214,11.23,Genre-Diverse
DS,Action,369,11.22,Genre-Diverse
Int,Action,15,11.19,Genre-Diverse
GB,Misc,179,11.19,Genre-Diverse
All,Shooter,127,11.16,Genre-Diverse
GC,Racing,74,11.16,Genre-Diverse
MSX,Platform,1,11.11,Genre-Diverse
AJ,Simulation,8,11.11,Genre-Diverse
MSX,Action,1,11.11,Genre-Diverse
WS,Puzzle,22,11.06,Genre-Diverse
NG,Action,19,11.05,Genre-Diverse
GBA,Sports,183,11.03,Genre-Diverse
SCD,Role-Playing,24,11.01,Genre-Diverse
XOne,Adventure,216,11,Genre-Diverse
GIZ,Racing,6,10.91,Genre-Diverse
GIZ,Shooter,6,10.91,Genre-Diverse
PC,Misc,1375,10.9,Genre-Diverse
GB,Role-Playing,174,10.88,Genre-Diverse
DS,Puzzle,357,10.86,Genre-Diverse
XOne,Action-Adventure,211,10.75,Genre-Diverse
PSP,Action,193,10.68,Genre-Diverse
PS5,Action,69,10.65,Genre-Diverse
SCD,Shooter,23,10.55,Genre-Diverse
PSN,Puzzle,211,10.53,Genre-Diverse
3DS,Role-Playing,125,10.49,Genre-Diverse
XS,Shooter,65,10.48,Genre-Diverse
Int,Puzzle,14,10.45,Genre-Diverse
PCFX,Strategy,7,10.45,Genre-Diverse
N64,Fighting,41,10.43,Genre-Diverse
PSN,Role-Playing,209,10.43,Genre-Diverse
SNES,Action,126,10.4,Genre-Diverse
iOS,Adventure,16,10.32,Genre-Diverse
VC,Role-Playing,68,10.29,Genre-Diverse
XOne,Shooter,201,10.24,Genre-Diverse
PC,Role-Playing,1287,10.2,Genre-Diverse
PS5,Shooter,66,10.19,Genre-Diverse
7800,Platform,6,10.17,Genre-Diverse
XS,Action,63,10.16,Genre-Diverse
SAT,Sports,75,10.15,Genre-Diverse
PC,Action,1279,10.14,Genre-Diverse
GEN,Shooter,81,10.07,Genre-Diverse
NS,Adventure,235,10.06,Genre-Diverse
WS,Adventure,20,10.05,Genre-Diverse
XOne,Role-Playing,197,10.04,Genre-Diverse
PS4,Adventure,289,10.04,Genre-Diverse
PCE,Platform,46,10.02,Genre-Diverse
ACPC,Role-Playing,2,10,Genre-Diverse
Mob,Action,2,10,Genre-Diverse
Mob,Shooter,2,10,Genre-Diverse
PSP,Sports,180,9.96,Genre-Diverse
NES,Shooter,110,9.95,Genre-Diverse
SAT,Fighting,73,9.88,Genre-Diverse
NGage,Shooter,6,9.84,Genre-Diverse
PCE,Sports,45,9.8,Genre-Diverse
PSN,Misc,195,9.73,Genre-Diverse
AJ,Sports,7,9.72,Genre-Diverse
WW,Sports,45,9.68,Genre-Diverse
OR,Shooter,3,9.68,Genre-Diverse
OR,Action-Adventure,3,9.68,Genre-Diverse
OR,Sports,3,9.68,Genre-Diverse
N64,Action,38,9.67,Genre-Diverse
SCD,Sports,21,9.63,Genre-Diverse
5200,Sports,7,9.59,Genre-Diverse
NES,Role-Playing,105,9.49,Genre-Diverse
PC,Shooter,1192,9.45,Genre-Diverse
PSV,Visual Novel,104,9.41,Genre-Diverse
GBA,Role-Playing,156,9.4,Genre-Diverse
PS4,Action-Adventure,269,9.35,Genre-Diverse
DC,Action,61,9.31,Genre-Diverse
GC,Shooter,61,9.2,Genre-Diverse
PS2,Racing,327,9.17,Genre-Diverse
PS4,Shooter,262,9.1,Genre-Diverse
VB,Platform,2,9.09,Genre-Diverse
WiiU,Puzzle,50,9.03,Genre-Diverse
iOS,Action-Adventure,14,9.03,Genre-Diverse
GB,Puzzle,144,9.01,Genre-Diverse
N64,Shooter,35,8.91,Genre-Diverse
PS,Adventure,241,8.9,Genre-Diverse
WiiU,Platform,49,8.84,Genre-Diverse
Wii,Adventure,147,8.77,Genre-Diverse
DC,Racing,57,8.7,Genre-Diverse
NES,Misc,96,8.68,Genre-Diverse
N64,Misc,34,8.65,Genre-Diverse
PS,Action,233,8.61,Genre-Diverse
WW,Action,40,8.6,Genre-Diverse
NS,Platform,201,8.6,Genre-Diverse
WS,Misc,17,8.54,Genre-Diverse
PS,Racing,231,8.53,Genre-Diverse
DSiW,Action,64,8.5,Genre-Diverse
GG,Misc,28,8.43,Genre-Diverse
iOS,Puzzle,13,8.39,Genre-Diverse
Linux,Action,31,8.38,Genre-Diverse
NS,Action-Adventure,193,8.26,Genre-Diverse
SCD,Platform,18,8.26,Genre-Diverse
5200,Puzzle,6,8.22,Genre-Diverse
NGage,Puzzle,5,8.2,Genre-Diverse
NGage,Action,5,8.2,Genre-Diverse
VC,Puzzle,54,8.17,Genre-Diverse
N64,Platform,32,8.14,Genre-Diverse
SAT,Strategy,60,8.12,Genre-Diverse
Linux,Role-Playing,30,8.11,Genre-Diverse
PS,Strategy,218,8.05,Genre-Diverse
Ouya,Action,2,8,Genre-Diverse
Ouya,Puzzle,2,8,Genre-Diverse
WiiU,Action-Adventure,44,7.94,Genre-Diverse
SNES,Fighting,96,7.93,Genre-Diverse
SNES,Misc,96,7.93,Genre-Diverse
PS2,Role-Playing,281,7.88,Genre-Diverse
DS,Role-Playing,259,7.88,Genre-Diverse
VC,Fighting,52,7.87,Genre-Diverse
GBA,Adventure,130,7.84,Genre-Diverse
GG,Puzzle,26,7.83,Genre-Diverse
PS,Role-Playing,212,7.83,Genre-Diverse
PC,Simulation,988,7.83,Genre-Diverse
PS3,Role-Playing,149,7.82,Genre-Diverse
All,Sports,89,7.82,Genre-Diverse
2600,Sports,39,7.78,Genre-Diverse
XBL,Platform,165,7.78,Genre-Diverse
Arc,Shooter,4,7.69,Genre-Diverse
NES,Puzzle,84,7.59,Genre-Diverse
3DO,Simulation,23,7.54,Genre-Diverse
X360,Racing,130,7.49,Genre-Diverse
PSN,Platform,150,7.49,Genre-Diverse
Int,Platform,10,7.46,Genre-Diverse
MSD,Shooter,2,7.41,Genre-Diverse
GC,Misc,49,7.39,Genre-Diverse
DC,Shooter,48,7.33,Genre-Diverse
Series,Strategy,34,7.33,Genre-Diverse
PSN,Racing,146,7.29,Genre-Diverse
PCE,Misc,33,7.19,Genre-Diverse
Wii,Racing,120,7.16,Genre-Diverse
PSN,Adventure,143,7.14,Genre-Diverse
WinP,Shooter,5,7.14,Genre-Diverse
WinP,Strategy,5,7.14,Genre-Diverse
OSX,Action,48,7.13,Genre-Diverse
Series,Adventure,33,7.11,Genre-Diverse
iOS,Simulation,11,7.1,Genre-Diverse
iOS,Strategy,11,7.1,Genre-Diverse
NS,Puzzle,166,7.1,Genre-Diverse
All,Adventure,80,7.03,Genre-Diverse
Linux,Strategy,26,7.03,Genre-Diverse
DC,Strategy,46,7.02,Genre-Diverse
XOne,Sports,137,6.98,Genre-Diverse
VC,Sports,46,6.96,Genre-Diverse
AJ,Strategy,5,6.94,Genre-Diverse
AJ,Puzzle,5,6.94,Genre-Diverse
SAT,Role-Playing,51,6.9,Genre-Diverse
WW,Platform,32,6.88,Genre-Diverse
PS2,Shooter,245,6.87,Genre-Diverse
GC,Fighting,45,6.79,Genre-Diverse
All,Platform,77,6.77,Genre-Diverse
Lynx,Platform,6,6.74,Genre-Diverse
Series,Simulation,31,6.68,Genre-Diverse
All,Action,76,6.68,Genre-Diverse
Amig,Platform,2,6.67,Genre-Diverse
PS,Fighting,180,6.65,Genre-Diverse
SNES,Puzzle,80,6.61,Genre-Diverse
XOne,Racing,129,6.57,Genre-Diverse
3DS,Puzzle,78,6.54,Genre-Diverse
CV,Puzzle,3,6.52,Genre-Diverse
PS5,Racing,42,6.48,Genre-Diverse
PS5,Platform,42,6.48,Genre-Diverse
X360,Role-Playing,112,6.46,Genre-Diverse
WW,Shooter,30,6.45,Genre-Diverse
WW,Adventure,30,6.45,Genre-Diverse
OR,Action,2,6.45,Genre-Diverse
SCD,Strategy,14,6.42,Genre-Diverse
PS,Shooter,173,6.39,Genre-Diverse
GB,Racing,102,6.38,Genre-Diverse
3DS,Platform,76,6.38,Genre-Diverse
PSN,Sports,127,6.34,Genre-Diverse
GBA,Racing,105,6.33,Genre-Diverse
3DS,Simulation,75,6.29,Genre-Diverse
DC,Fighting,41,6.26,Genre-Diverse
MS,Racing,21,6.25,Genre-Diverse
GBC,Misc,1,6.25,Genre-Diverse
GBC,Strategy,1,6.25,Genre-Diverse
GBC,Racing,1,6.25,Genre-Diverse
GBC,Sports,1,6.25,Genre-Diverse
DSiW,Strategy,47,6.24,Genre-Diverse
All,Fighting,71,6.24,Genre-Diverse
WW,Simulation,29,6.24,Genre-Diverse
NS,Shooter,145,6.2,Genre-Diverse
PS3,Racing,117,6.14,Genre-Diverse
XOne,Platform,120,6.11,Genre-Diverse
DSiW,Simulation,46,6.11,Genre-Diverse
Series,Platform,28,6.03,Genre-Diverse
GC,Adventure,40,6.03,Genre-Diverse
DS,Sports,197,5.99,Genre-Diverse
XS,Simulation,37,5.97,Genre-Diverse
PCFX,Simulation,4,5.97,Genre-Diverse
SAT,Simulation,44,5.95,Genre-Diverse
PS2,Fighting,212,5.95,Genre-Diverse
DC,Role-Playing,39,5.95,Genre-Diverse
XB,Misc,58,5.91,Genre-Diverse
XBL,Role-Playing,125,5.9,Genre-Diverse
iQue,Fighting,1,5.88,Genre-Diverse
AST,Adventure,1,5.88,Genre-Diverse
iQue,Simulation,1,5.88,Genre-Diverse
AST,Platform,1,5.88,Genre-Diverse
iQue,Adventure,1,5.88,Genre-Diverse
SNES,Shooter,71,5.86,Genre-Diverse
Wii,Simulation,98,5.85,Genre-Diverse
GEN,Fighting,47,5.85,Genre-Diverse
XS,Racing,36,5.81,Genre-Diverse
WW,Racing,27,5.81,Genre-Diverse
iOS,Platform,9,5.81,Genre-Diverse
All,Simulation,66,5.8,Genre-Diverse
GG,Fighting,19,5.72,Genre-Diverse
GG,Role-Playing,19,5.72,Genre-Diverse
WinP,Puzzle,4,5.71,Genre-Diverse
XB,Fighting,56,5.7,Genre-Diverse
XB,Adventure,56,5.7,Genre-Diverse
PCE,Fighting,26,5.66,Genre-Diverse
OSX,Strategy,38,5.65,Genre-Diverse
XS,Platform,35,5.65,Genre-Diverse
Lynx,Shooter,5,5.62,Genre-Diverse
PS,Simulation,152,5.62,Genre-Diverse
Lynx,Racing,5,5.62,Genre-Diverse
PS3,Adventure,107,5.62,Genre-Diverse
Series,Sports,26,5.6,Genre-Diverse
AJ,Fighting,4,5.56,Genre-Diverse
AJ,Action,4,5.56,Genre-Diverse
WS,Fighting,11,5.53,Genre-Diverse
WS,Simulation,11,5.53,Genre-Diverse
WS,Sports,11,5.53,Genre-Diverse
PS4,Sports,159,5.52,Genre-Diverse
OSX,Role-Playing,37,5.5,Genre-Diverse
PSN,Strategy,110,5.49,Genre-Diverse
X360,Adventure,95,5.48,Genre-Diverse
GEN,Misc,44,5.47,Genre-Diverse
GIZ,Strategy,3,5.45,Genre-Diverse
PCE,Puzzle,25,5.45,Genre-Diverse
GG,Shooter,18,5.42,Genre-Diverse
XB,Platform,53,5.4,Genre-Diverse
PS5,Simulation,35,5.4,Genre-Diverse
PS4,Platform,153,5.32,Genre-Diverse
PSN,Fighting,106,5.29,Genre-Diverse
3DS,Adventure,63,5.29,Genre-Diverse
PS4,Misc,152,5.28,Genre-Diverse
SAT,Racing,39,5.28,Genre-Diverse
ZXS,Platform,1,5.26,Genre-Diverse
Wii,Shooter,88,5.25,Genre-Diverse
NG,Misc,9,5.23,Genre-Diverse
GEN,Strategy,42,5.22,Genre-Diverse
SNES,Strategy,63,5.2,Genre-Diverse
GBA,Puzzle,86,5.18,Genre-Diverse
Linux,Simulation,19,5.14,Genre-Diverse
GEN,Role-Playing,41,5.1,Genre-Diverse
XBL,Racing,108,5.09,Genre-Diverse
7800,Fighting,3,5.08,Genre-Diverse
7800,Racing,3,5.08,Genre-Diverse
7800,Puzzle,3,5.08,Genre-Diverse
NES,Adventure,56,5.06,Genre-Diverse
ACPC,Adventure,1,5,Genre-Diverse
ACPC,Shooter,1,5,Genre-Diverse
Mob,Action-Adventure,1,5,Genre-Diverse
Mob,Strategy,1,5,Genre-Diverse
ACPC,Fighting,1,5,Genre-Diverse
ACPC,Strategy,1,5,Genre-Diverse
Mob,Platform,1,5,Genre-Diverse
ACPC,Simulation,1,5,Genre-Diverse
GC,Role-Playing,33,4.98,Genre-Diverse
PS,Puzzle,134,4.95,Genre-Diverse
PS4,Racing,142,4.93,Genre-Diverse
PSP,Fighting,89,4.93,Genre-Diverse
NGage,Misc,3,4.92,Genre-Diverse
NGage,Platform,3,4.92,Genre-Diverse
NGage,Fighting,3,4.92,Genre-Diverse
PC,Puzzle,619,4.91,Genre-Diverse
XBL,Strategy,103,4.86,Genre-Diverse
PS3,Fighting,92,4.83,Genre-Diverse
PCE,Racing,22,4.79,Genre-Diverse
And,Role-Playing,50,4.76,Genre-Diverse
SAT,Puzzle,35,4.74,Genre-Diverse
DC,Puzzle,31,4.73,Genre-Diverse
WW,Strategy,22,4.73,Genre-Diverse
Wii,Puzzle,79,4.71,Genre-Diverse
X360,Fighting,81,4.67,Genre-Diverse
PSP,Puzzle,84,4.65,Genre-Diverse
XOne,Fighting,91,4.64,Genre-Diverse
PS2,Simulation,165,4.63,Genre-Diverse
PC,Racing,582,4.61,Genre-Diverse
3DO,Strategy,14,4.59,Genre-Diverse
Linux,Platform,17,4.59,Genre-Diverse
N64,Puzzle,18,4.58,Genre-Diverse
PC,Sports,576,4.57,Genre-Diverse
VB,Fighting,1,4.55,Genre-Diverse
VB,Action,1,4.55,Genre-Diverse
VB,Misc,1,4.55,Genre-Diverse
VB,Strategy,1,4.55,Genre-Diverse
NS,Sports,106,4.54,Genre-Diverse
Series,Racing,21,4.53,Genre-Diverse
GG,Racing,15,4.52,Genre-Diverse
iOS,Shooter,7,4.52,Genre-Diverse
Lynx,Misc,4,4.49,Genre-Diverse
GEN,Racing,36,4.48,Genre-Diverse
Int,Strategy,6,4.48,Genre-Diverse
PCFX,Fighting,3,4.48,Genre-Diverse
MS,Adventure,15,4.46,Genre-Diverse
VC,Strategy,29,4.39,Genre-Diverse
SNES,Racing,53,4.38,Genre-Diverse
PSP,Racing,79,4.37,Genre-Diverse
PCE,Strategy,20,4.36,Genre-Diverse
CV,Sports,2,4.35,Genre-Diverse
CV,Action-Adventure,2,4.35,Genre-Diverse
CV,Strategy,2,4.35,Genre-Diverse
PSP,Strategy,78,4.32,Genre-Diverse
PS4,Fighting,124,4.31,Genre-Diverse
WinP,Action,3,4.29,Genre-Diverse
WinP,Platform,3,4.29,Genre-Diverse
WinP,Simulation,3,4.29,Genre-Diverse
3DO,Fighting,13,4.26,Genre-Diverse
3DO,Puzzle,13,4.26,Genre-Diverse
2600,Misc,21,4.19,Genre-Diverse
GB,Strategy,67,4.19,Genre-Diverse
Wii,Platform,70,4.18,Genre-Diverse
AJ,Adventure,3,4.17,Genre-Diverse
AJ,Misc,3,4.17,Genre-Diverse
PSP,Visual Novel,75,4.15,Genre-Diverse
XOne,Simulation,81,4.13,Genre-Diverse
DSiW,Adventure,31,4.12,Genre-Diverse
3DS,Sports,49,4.11,Genre-Diverse
Series,Action,19,4.09,Genre-Diverse
VC,Adventure,27,4.08,Genre-Diverse
All,Strategy,46,4.04,Genre-Diverse
WS,Action,8,4.02,Genre-Diverse
Ouya,Racing,1,4,Genre-Diverse
GB,Shooter,64,4,Genre-Diverse
Ouya,Adventure,1,4,Genre-Diverse
GBA,Strategy,66,3.98,Genre-Diverse
DSiW,Platform,30,3.98,Genre-Diverse
XBL,Sports,84,3.96,Genre-Diverse
3DO,Action,12,3.93,Genre-Diverse
NES,Strategy,43,3.89,Genre-Diverse
Series,Puzzle,18,3.88,Genre-Diverse
PS2,Platform,138,3.87,Genre-Diverse
MS,Misc,13,3.87,Genre-Diverse
MS,Puzzle,13,3.87,Genre-Diverse
NS,Racing,90,3.85,Genre-Diverse
NS,Strategy,89,3.81,Genre-Diverse
NS,Simulation,89,3.81,Genre-Diverse
GB,Adventure,61,3.81,Genre-Diverse
2600,Racing,19,3.79,Genre-Diverse
2600,Puzzle,19,3.79,Genre-Diverse
DS,Strategy,123,3.74,Genre-Diverse
DS,Platform,123,3.74,Genre-Diverse
PC,Platform,472,3.74,Genre-Diverse
Int,Racing,5,3.73,Genre-Diverse
PCE,Adventure,17,3.7,Genre-Diverse
MSD,Adventure,1,3.7,Genre-Diverse
MSD,Education,1,3.7,Genre-Diverse
MSD,Action,1,3.7,Genre-Diverse
MSD,Fighting,1,3.7,Genre-Diverse
MSD,Platform,1,3.7,Genre-Diverse
NS,Fighting,86,3.68,Genre-Diverse
SCD,Fighting,8,3.67,Genre-Diverse
SCD,Racing,8,3.67,Genre-Diverse
SAT,Platform,27,3.65,Genre-Diverse
GIZ,Simulation,2,3.64,Genre-Diverse
GB,Simulation,58,3.63,Genre-Diverse
XOne,Strategy,71,3.62,Genre-Diverse
WiiU,Shooter,20,3.61,Genre-Diverse
GEN,Puzzle,29,3.61,Genre-Diverse
WiiU,Racing,20,3.61,Genre-Diverse
WiiU,Adventure,20,3.61,Genre-Diverse
PS,Platform,97,3.58,Genre-Diverse
OSX,Simulation,24,3.57,Genre-Diverse
PS5,Fighting,23,3.55,Genre-Diverse
PSV,Platform,39,3.53,Genre-Diverse
NES,Racing,39,3.53,Genre-Diverse
SAT,Action,26,3.52,Genre-Diverse
WS,Platform,7,3.52,Genre-Diverse
NS,Visual Novel,82,3.51,Genre-Diverse
NG,Platform,6,3.49,Genre-Diverse
PSN,Simulation,70,3.49,Genre-Diverse
PS4,Simulation,100,3.47,Genre-Diverse
PSV,Sports,38,3.44,Genre-Diverse
GB,Fighting,55,3.44,Genre-Diverse
WiiU,Role-Playing,19,3.43,Genre-Diverse
All,Racing,39,3.43,Genre-Diverse
PSP,Shooter,62,3.43,Genre-Diverse
PSP,Simulation,62,3.43,Genre-Diverse
XOne,Misc,67,3.41,Genre-Diverse
XOne,Puzzle,67,3.41,Genre-Diverse
2600,Platform,17,3.39,Genre-Diverse
7800,Simulation,2,3.39,Genre-Diverse
Lynx,Simulation,3,3.37,Genre-Diverse
XB,Simulation,33,3.36,Genre-Diverse
Amig,Strategy,1,3.33,Genre-Diverse
Amig,Adventure,1,3.33,Genre-Diverse
Amig,Puzzle,1,3.33,Genre-Diverse
Amig,Fighting,1,3.33,Genre-Diverse
GBA,Shooter,55,3.32,Genre-Diverse
DSiW,Sports,25,3.32,Genre-Diverse
N64,Simulation,13,3.31,Genre-Diverse
PS2,Strategy,118,3.31,Genre-Diverse
3DO,Racing,10,3.28,Genre-Diverse
3DO,Role-Playing,10,3.28,Genre-Diverse
MS,Fighting,11,3.27,Genre-Diverse
MS,Role-Playing,11,3.27,Genre-Diverse
WiiU,Sports,18,3.25,Genre-Diverse
PC,Action-Adventure,410,3.25,Genre-Diverse
Linux,Puzzle,12,3.24,Genre-Diverse
And,Puzzle,34,3.24,Genre-Diverse
OR,Puzzle,1,3.23,Genre-Diverse
OR,Misc,1,3.23,Genre-Diverse
OR,Fighting,1,3.23,Genre-Diverse
XS,Strategy,20,3.23,Genre-Diverse
OR,Music,1,3.23,Genre-Diverse
Wii,Fighting,54,3.22,Genre-Diverse
PS3,Platform,61,3.2,Genre-Diverse
BRW,Puzzle,2,3.17,Genre-Diverse
PS4,Strategy,90,3.13,Genre-Diverse
XBL,Fighting,64,3.02,Genre-Diverse
GG,Simulation,10,3.01,Genre-Diverse
PCFX,Sports,2,2.99,Genre-Diverse
PCFX,Action,2,2.99,Genre-Diverse
Int,Adventure,4,2.99,Genre-Diverse
PS4,Puzzle,85,2.95,Genre-Diverse
C64,Fighting,1,2.94,Genre-Diverse
C64,Action,1,2.94,Genre-Diverse
C64,Shooter,1,2.94,Genre-Diverse
NG,Puzzle,5,2.91,Genre-Diverse
XS,Fighting,18,2.9,Genre-Diverse
SNES,Simulation,35,2.89,Genre-Diverse
SNES,Adventure,35,2.89,Genre-Diverse
WinP,Adventure,2,2.86,Genre-Diverse
3DS,Action-Adventure,34,2.85,Genre-Diverse
GBA,Simulation,47,2.83,Genre-Diverse
X360,Simulation,49,2.82,Genre-Diverse
Series,Fighting,13,2.8,Genre-Diverse
DSiW,Shooter,21,2.79,Genre-Diverse
And,Strategy,29,2.76,Genre-Diverse
XB,Role-Playing,27,2.75,Genre-Diverse
XS,Puzzle,17,2.74,Genre-Diverse
5200,Adventure,2,2.74,Genre-Diverse
5200,Racing,2,2.74,Genre-Diverse
VC,Racing,18,2.72,Genre-Diverse
GBA,Fighting,45,2.71,Genre-Diverse
DS,Racing,89,2.71,Genre-Diverse
X360,Platform,46,2.65,Genre-Diverse
PS5,Strategy,17,2.62,Genre-Diverse
DC,Simulation,17,2.6,Genre-Diverse
iOS,Racing,4,2.58,Genre-Diverse
XS,Sports,16,2.58,Genre-Diverse
NS,Misc,60,2.57,Genre-Diverse
GC,Puzzle,17,2.56,Genre-Diverse
N64,Strategy,10,2.54,Genre-Diverse
WiiU,Music,14,2.53,Genre-Diverse
OSX,Puzzle,17,2.53,Genre-Diverse
WiiU,Fighting,14,2.53,Genre-Diverse
PSP,Platform,45,2.49,Genre-Diverse
XB,Strategy,24,2.44,Genre-Diverse
PSV,Puzzle,27,2.44,Genre-Diverse
GC,Simulation,16,2.41,Genre-Diverse
PCE,Simulation,11,2.4,Genre-Diverse
Wii,Role-Playing,40,2.39,Genre-Diverse
OSX,Platform,16,2.38,Genre-Diverse
Series,Music,11,2.37,Genre-Diverse
PS3,Simulation,45,2.36,Genre-Diverse
PSV,Shooter,26,2.35,Genre-Diverse
NES,Fighting,26,2.35,Genre-Diverse
WiiU,Party,13,2.35,Genre-Diverse
PS5,Sports,15,2.31,Genre-Diverse
3DO,Platform,7,2.3,Genre-Diverse
SCD,Simulation,5,2.29,Genre-Diverse
PS4,Visual Novel,66,2.29,Genre-Diverse
DSiW,Racing,17,2.26,Genre-Diverse
Lynx,Strategy,2,2.25,Genre-Diverse
X360,Strategy,39,2.25,Genre-Diverse
Lynx,Role-Playing,2,2.25,Genre-Diverse
Int,Role-Playing,3,2.24,Genre-Diverse
OSX,Shooter,15,2.23,Genre-Diverse
And,Simulation,23,2.19,Genre-Diverse
3DS,Strategy,26,2.18,Genre-Diverse
WiiU,Simulation,12,2.17,Genre-Diverse
CV,Simulation,1,2.17,Genre-Diverse
PSV,Simulation,24,2.17,Genre-Diverse
CV,Role-Playing,1,2.17,Genre-Diverse
CV,Fighting,1,2.17,Genre-Diverse
PS5,Puzzle,14,2.16,Genre-Diverse
PS3,Action-Adventure,41,2.15,Genre-Diverse
GC,Strategy,14,2.11,Genre-Diverse
GG,Strategy,7,2.11,Genre-Diverse
And,Adventure,22,2.09,Genre-Diverse
MS,Simulation,7,2.08,Genre-Diverse
PSV,Strategy,23,2.08,Genre-Diverse
X360,Action-Adventure,36,2.07,Genre-Diverse
PS3,Strategy,39,2.05,Genre-Diverse
N64,Role-Playing,8,2.04,Genre-Diverse
XBL,Adventure,43,2.03,Genre-Diverse
WS,Racing,4,2.01,Genre-Diverse
Series,Party,9,1.94,Genre-Diverse
iOS,Sports,3,1.94,Genre-Diverse
Arc,Sports,1,1.92,Genre-Diverse
Arc,Puzzle,1,1.92,Genre-Diverse
And,Shooter,20,1.9,Genre-Diverse
DSiW,Role-Playing,14,1.86,Genre-Diverse
All,Music,21,1.85,Genre-Diverse
All,Puzzle,21,1.85,Genre-Diverse
3DS,Racing,22,1.85,Genre-Diverse
NS,Party,43,1.84,Genre-Diverse
GIZ,Role-Playing,1,1.82,Genre-Diverse
GIZ,Adventure,1,1.82,Genre-Diverse
PSV,Action-Adventure,20,1.81,Genre-Diverse
PSV,Fighting,20,1.81,Genre-Diverse
GG,Adventure,6,1.81,Genre-Diverse
N64,Adventure,7,1.78,Genre-Diverse
WW,Fighting,8,1.72,Genre-Diverse
DC,Platform,11,1.68,Genre-Diverse
3DS,Shooter,20,1.68,Genre-Diverse
Wii,Music,28,1.67,Genre-Diverse
VC,Misc,11,1.66,Genre-Diverse
NGage,Simulation,1,1.64,Genre-Diverse
NGage,Adventure,1,1.64,Genre-Diverse
PSV,Music,18,1.63,Genre-Diverse
Linux,Shooter,6,1.62,Genre-Diverse
GEN,Simulation,13,1.62,Genre-Diverse
WiiU,Strategy,9,1.62,Genre-Diverse
Linux,Visual Novel,6,1.62,Genre-Diverse
DS,Shooter,53,1.61,Genre-Diverse
BRW,Role-Playing,1,1.59,Genre-Diverse
BRW,Platform,1,1.59,Genre-Diverse
PS4,Music,45,1.56,Genre-Diverse
Wii,Strategy,26,1.55,Genre-Diverse
NES,Simulation,17,1.54,Genre-Diverse
WW,Role-Playing,7,1.51,Genre-Diverse
WS,Shooter,3,1.51,Genre-Diverse
3DS,Fighting,18,1.51,Genre-Diverse
NS,Music,35,1.5,Genre-Diverse
Int,Action-Adventure,2,1.49,Genre-Diverse
PCFX,Puzzle,1,1.49,Genre-Diverse
PCFX,Shooter,1,1.49,Genre-Diverse
PCFX,Platform,1,1.49,Genre-Diverse
MS,Strategy,5,1.49,Genre-Diverse
PS2,Puzzle,52,1.46,Genre-Diverse
WinP,Racing,1,1.43,Genre-Diverse
AJ,Role-Playing,1,1.39,Genre-Diverse
XOne,Music,27,1.38,Genre-Diverse
X360,Music,24,1.38,Genre-Diverse
5200,Simulation,1,1.37,Genre-Diverse
GEN,Adventure,11,1.37,Genre-Diverse
DS,Fighting,44,1.34,Genre-Diverse
DSi,Fighting,1,1.32,Genre-Diverse
DSi,Action,1,1.32,Genre-Diverse
DSi,Platform,1,1.32,Genre-Diverse
PC,Fighting,165,1.31,Genre-Diverse
Series,Misc,6,1.29,Genre-Diverse
PSV,Racing,14,1.27,Genre-Diverse
PS3,Visual Novel,24,1.26,Genre-Diverse
And,Sports,13,1.24,Genre-Diverse
And,Action-Adventure,12,1.14,Genre-Diverse
Linux,Sports,4,1.08,Genre-Diverse
Linux,Action-Adventure,4,1.08,Genre-Diverse
VC,Simulation,7,1.06,Genre-Diverse
DSiW,Fighting,8,1.06,Genre-Diverse
And,Racing,11,1.05,Genre-Diverse
All,Misc,12,1.05,Genre-Diverse
XB,Puzzle,10,1.02,Genre-Diverse
XBL,Simulation,20,0.94,Genre-Diverse
SCD,Puzzle,2,0.92,Genre-Diverse
3DS,Music,11,0.92,Genre-Diverse
WiiU,MMO,5,0.9,Genre-Diverse
OSX,Action-Adventure,6,0.89,Genre-Diverse
OSX,Sports,6,0.89,Genre-Diverse
OSX,Racing,6,0.89,Genre-Diverse
And,Platform,9,0.86,Genre-Diverse
PS3,Music,16,0.84,Genre-Diverse
PS3,Puzzle,16,0.84,Genre-Diverse
XS,Music,5,0.81,Genre-Diverse
X360,Puzzle,14,0.81,Genre-Diverse
XS,Misc,5,0.81,Genre-Diverse
XS,Party,5,0.81,Genre-Diverse
2600,Simulation,4,0.8,Genre-Diverse
2600,Role-Playing,4,0.8,Genre-Diverse
PS5,Music,5,0.77,Genre-Diverse
PS5,Misc,5,0.77,Genre-Diverse
Int,Music,1,0.75,Genre-Diverse
X360,Visual Novel,13,0.75,Genre-Diverse
NS,Board Game,17,0.73,Genre-Diverse
3DS,Party,8,0.67,Genre-Diverse
XOne,Visual Novel,13,0.66,Genre-Diverse
Wii,Action-Adventure,11,0.66,Genre-Diverse
PS4,Party,19,0.66,Genre-Diverse
iOS,Music,1,0.65,Genre-Diverse
Series,Sandbox,3,0.65,Genre-Diverse
PC,Visual Novel,82,0.65,Genre-Diverse
XS,MMO,4,0.65,Genre-Diverse
iOS,Visual Novel,1,0.65,Genre-Diverse
Series,Education,3,0.65,Genre-Diverse
2600,Adventure,3,0.6,Genre-Diverse
2600,Fighting,3,0.6,Genre-Diverse
PS4,MMO,17,0.59,Genre-Diverse
OSX,Visual Novel,4,0.59,Genre-Diverse
NG,Role-Playing,1,0.58,Genre-Diverse
WiiU,Education,3,0.54,Genre-Diverse
Linux,Racing,2,0.54,Genre-Diverse
XOne,MMO,10,0.51,Genre-Diverse
XOne,Party,10,0.51,Genre-Diverse
And,Fighting,5,0.48,Genre-Diverse
XS,Visual Novel,3,0.48,Genre-Diverse
PS5,MMO,3,0.46,Genre-Diverse
OSX,MMO,3,0.45,Genre-Diverse
All,Party,5,0.44,Genre-Diverse
Series,Visual Novel,2,0.43,Genre-Diverse
Series,Board Game,2,0.43,Genre-Diverse
Series,MMO,2,0.43,Genre-Diverse
3DS,Visual Novel,5,0.42,Genre-Diverse
PC,MMO,52,0.41,Genre-Diverse
2600,Strategy,2,0.4,Genre-Diverse
XBL,Action-Adventure,7,0.33,Genre-Diverse
PS5,Party,2,0.31,Genre-Diverse
PS5,Visual Novel,2,0.31,Genre-Diverse
OSX,Music,2,0.3,Genre-Diverse
NS,MMO,7,0.3,Genre-Diverse
Linux,Fighting,1,0.27,Genre-Diverse
Linux,Music,1,0.27,Genre-Diverse
All,MMO,3,0.26,Genre-Diverse
All,Visual Novel,3,0.26,Genre-Diverse
X360,Party,4,0.23,Genre-Diverse
PSP,Music,4,0.22,Genre-Diverse
PS3,MMO,4,0.21,Genre-Diverse
XB,Action-Adventure,2,0.2,Genre-Diverse
PSN,Action-Adventure,4,0.2,Genre-Diverse
And,Visual Novel,2,0.19,Genre-Diverse
All,Sandbox,2,0.18,Genre-Diverse
PSP,Action-Adventure,3,0.17,Genre-Diverse
PSP,Party,3,0.17,Genre-Diverse
PC,Music,22,0.17,Genre-Diverse
PC,Party,20,0.16,Genre-Diverse
XS,Board Game,1,0.16,Genre-Diverse
OSX,Fighting,1,0.15,Genre-Diverse
GC,Education,1,0.15,Genre-Diverse
DS,Action-Adventure,5,0.15,Genre-Diverse
XOne,Sandbox,3,0.15,Genre-Diverse
PS5,Board Game,1,0.15,Genre-Diverse
PC,Education,16,0.13,Genre-Diverse
Wii,Party,2,0.12,Genre-Diverse
XOne,Board Game,2,0.1,Genre-Diverse
XB,Party,1,0.1,Genre-Diverse
PSN,MMO,2,0.1,Genre-Diverse
XB,Music,1,0.1,Genre-Diverse
And,Music,1,0.1,Genre-Diverse
PSN,Party,2,0.1,Genre-Diverse
NS,Sandbox,2,0.09,Genre-Diverse
All,Board Game,1,0.09,Genre-Diverse
NS,Education,2,0.09,Genre-Diverse
NES,Board Game,1,0.09,Genre-Diverse
3DS,Education,1,0.08,Genre-Diverse
3DS,MMO,1,0.08,Genre-Diverse
PS2,Visual Novel,3,0.08,Genre-Diverse
PS4,Sandbox,2,0.07,Genre-Diverse
PS,Party,2,0.07,Genre-Diverse
PS2,Party,2,0.06,Genre-Diverse
X360,Education,1,0.06,Genre-Diverse
DS,Music,2,0.06,Genre-Diverse
PS2,Action-Adventure,2,0.06,Genre-Diverse
X360,Board Game,1,0.06,Genre-Diverse
PC,Sandbox,7,0.06,Genre-Diverse
GBA,Music,1,0.06,Genre-Diverse
DS,Visual Novel,2,0.06,Genre-Diverse
Wii,MMO,1,0.06,Genre-Diverse
PS3,Party,1,0.05,Genre-Diverse
XOne,Education,1,0.05,Genre-Diverse
XBL,Sandbox,1,0.05,Genre-Diverse
PS,Visual Novel,1,0.04,Genre-Diverse
PC,Board Game,5,0.04,Genre-Diverse
PS,Action-Adventure,1,0.04,Genre-Diverse
PS4,Board Game,1,0.03,Genre-Diverse
PS2,MMO,1,0.03,Genre-Diverse
PS4,Education,1,0.03,Genre-Diverse
PS2,Education,1,0.03,Genre-Diverse
